video_alias,model_name,config,pred_cuts_count,gt_cuts_count,true_positives,precision,recall,f1_score
video1,PySceneDetect,content_t27,29,54,1,0.0345,0.0185,0.0241
video1,PySceneDetect,content_t15,78,54,1,0.0128,0.0185,0.0152
video1,PySceneDetect,content_t35,24,54,1,0.0417,0.0185,0.0256
video1,PySceneDetect,adaptive_t3.0,23,54,1,0.0435,0.0185,0.026
video1,TransNetV2,transnetv2_t40,25,54,1,0.04,0.0185,0.0253
video1,TransNetV2,transnetv2_t50,23,54,1,0.0435,0.0185,0.026
video1,TransNetV2,transnetv2_t60,23,54,1,0.0435,0.0185,0.026
video2,PySceneDetect,content_t27,49,21,0,0.0,0.0,0.0
video2,PySceneDetect,content_t15,61,21,0,0.0,0.0,0.0
video2,PySceneDetect,content_t35,45,21,0,0.0,0.0,0.0
video2,PySceneDetect,adaptive_t3.0,44,21,0,0.0,0.0,0.0
video2,TransNetV2,transnetv2_t40,44,21,0,0.0,0.0,0.0
video2,TransNetV2,transnetv2_t50,44,21,0,0.0,0.0,0.0
video2,TransNetV2,transnetv2_t60,44,21,0,0.0,0.0,0.0
video3,PySceneDetect,content_t27,28,42,0,0.0,0.0,0.0
video3,PySceneDetect,content_t15,127,42,0,0.0,0.0,0.0
video3,PySceneDetect,content_t35,18,42,0,0.0,0.0,0.0
video3,PySceneDetect,adaptive_t3.0,21,42,0,0.0,0.0,0.0
video3,TransNetV2,transnetv2_t40,25,42,0,0.0,0.0,0.0
video3,TransNetV2,transnetv2_t50,22,42,0,0.0,0.0,0.0
video3,TransNetV2,transnetv2_t60,21,42,0,0.0,0.0,0.0
video4,PySceneDetect,content_t27,47,35,0,0.0,0.0,0.0
video4,TransNetV2,transnetv2_t40,55,35,0,0.0,0.0,0.0
video4,TransNetV2,transnetv2_t50,54,35,0,0.0,0.0,0.0
video4,TransNetV2,transnetv2_t60,50,35,0,0.0,0.0,0.0
video5,PySceneDetect,content_t27,10,19,0,0.0,0.0,0.0
video5,TransNetV2,transnetv2_t40,18,19,0,0.0,0.0,0.0
video5,TransNetV2,transnetv2_t50,18,19,0,0.0,0.0,0.0
video5,TransNetV2,transnetv2_t60,15,19,0,0.0,0.0,0.0
